[
  {
    "name": "United Arab Emirates Dirham",
    "demonym": "UAE",
    "majorSingle": "Dirham",
    "majorPlural": "Dirhams",
    "IsoNum": 784,
    "symbol": "د.إ.",
    "symbolNative": "د.إ.",
    "minorSingle": "Fils",
    "minorPlural": "Fils",
    "IsoDigits": 2,
    "decimals": 2,
    "numToBasic": 100,
    "isoCode": "AED"
  },
  {
    "name": "Afghan Afghani",
    "demonym": "Afghan",
    "majorSingle": "Afghani",
    "majorPlural": "Afghani",
    "IsoNum": 971,
    "symbol": "Af",
    "symbolNative": "؋",
    "minorSingle": "Pul",
    "minorPlural": "Pul",
    "IsoDigits": 2,
    "decimals": 2,
    "numToBasic": 100,
    "isoCode": "AFN"
  },
  {
    "name": "Albanian Lek",
    "demonym": "Albanian",
    "majorSingle": "Lek",
    "majorPlural": "Lekë",
    "IsoNum": 8,
    "symbol": "L",
    "symbolNative": "L",
    "minorSingle": "Qindarka",
    "minorPlural": "Qindarka",
    "IsoDigits": 2,
    "decimals": 2,
    "numToBasic": 100,
    "isoCode": "ALL"
  },
  {
    "name": "Armenian Dram",
    "demonym": "Armenian",
    "majorSingle": "Dram",
    "majorPlural": "Dram",
    "IsoNum": 51,
    "symbol": "֏",
    "symbolNative": "դր",
    "minorSingle": "Luma",
    "minorPlural": "Luma",
    "IsoDigits": 2,
    "decimals": 2,
    "numToBasic": 100,
    "isoCode": "AMD"
  },
  {
    "name": "Netherlands Antillean Guilder",
    "demonym": "Netherlands Antillean",
    "majorSingle": "Guilder",
    "majorPlural": "Guilders",
    "IsoNum": 532,
    "symbol": "ƒ",
    "symbolNative": "ƒ",
    "minorSingle": "Cent",
    "minorPlural": "Cents",
    "IsoDigits": 2,
    "decimals": 2,
    "numToBasic": 100,
    "isoCode": "ANG"
  },
  {
    "name": "Angolan Kwanza",
    "demonym": "Angolan",
    "majorSingle": "Kwanza",
    "majorPlural": "Kwanza",
    "IsoNum": 973,
    "symbol": "Kz",
    "symbolNative": "Kz",
    "minorSingle": "Centimo",
    "minorPlural": "Centimos",
    "IsoDigits": 2,
    "decimals": 2,
    "numToBasic": 100,
    "isoCode": "AOA"
  },
  {
    "name": "Argentine Peso",
    "demonym": "Argentine",
    "majorSingle": "Peso",
    "majorPlural": "Pesos",
    "IsoNum": 32,
    "symbol": "AR$",
    "symbolNative": "$",
    "minorSingle": "Centavo",
    "minorPlural": "Centavos",
    "IsoDigits": 2,
    "decimals": 2,
    "numToBasic": 100,
    "isoCode": "ARS"
  },
  {
    "name": "Australian Dollar",
    "demonym": "Australian",
    "majorSingle": "Dollar",
    "majorPlural": "Dollars",
    "IsoNum": 36,
    "symbol": "AU$",
    "symbolNative": "$",
    "minorSingle": "Cent",
    "minorPlural": "Cents",
    "IsoDigits": 2,
    "decimals": 2,
    "numToBasic": 100,
    "isoCode": "AUD"
  },
  {
    "name": "Aruban Florin",
    "demonym": "Aruban",
    "majorSingle": "Florin",
    "majorPlural": "Florin",
    "IsoNum": 533,
    "symbol": "ƒ",
    "symbolNative": "ƒ",
    "minorSingle": "Cent",
    "minorPlural": "Cents",
    "IsoDigits": 2,
    "decimals": 2,
    "numToBasic": 100,
    "isoCode": "AWG"
  },
  {
    "name": "Azerbaijani Manat",
    "demonym": "Azerbaijani",
    "majorSingle": "Manat",
    "majorPlural": "Manat",
    "IsoNum": 944,
    "symbol": "ман",
    "symbolNative": "₼",
    "minorSingle": "Qapik",
    "minorPlural": "Qapik",
    "IsoDigits": 2,
    "decimals": 2,
    "numToBasic": 100,
    "isoCode": "AZN"
  },
  {
    "name": "Bosnia and Herzegovina Convertible Mark",
    "demonym": "Bosnia-Herzegovina",
    "majorSingle": "Convertible Mark",
    "majorPlural": "Marks",
    "IsoNum": 977,
    "symbol": "KM",
    "symbolNative": "КМ",
    "minorSingle": "Fening",
    "minorPlural": "Fening",
    "IsoDigits": 2,
    "decimals": 2,
    "numToBasic": 100,
    "isoCode": "BAM"
  },
  {
    "name": "Barbadian Dollar",
    "demonym": "Barbadian",
    "majorSingle": "Dollar",
    "majorPlural": "Dollars",
    "IsoNum": 52,
    "symbol": "BBD$",
    "symbolNative": "$",
    "minorSingle": "Cent",
    "minorPlural": "Cents",
    "IsoDigits": 2,
    "decimals": 2,
    "numToBasic": 100,
    "isoCode": "BBD"
  },
  {
    "name": "Bangladeshi Taka",
    "demonym": "Bangladeshi",
    "majorSingle": "Taka",
    "majorPlural": "Taka",
    "IsoNum": 50,
    "symbol": "৳",
    "symbolNative": "৳",
    "minorSingle": "Poisha",
    "minorPlural": "Poisha",
    "IsoDigits": 2,
    "decimals": 2,
    "numToBasic": 100,
    "isoCode": "BDT"
  },
  {
    "name": "Bulgarian Lev",
    "demonym": "Bulgarian",
    "majorSingle": "Lev",
    "majorPlural": "Leva",
    "IsoNum": 975,
    "symbol": "лв.",
    "symbolNative": "лв.",
    "minorSingle": "Stotinka",
    "minorPlural": "Stotinki",
    "IsoDigits": 2,
    "decimals": 2,
    "numToBasic": 100,
    "isoCode": "BGN"
  },
  {
    "name": "Bahraini Dinar",
    "demonym": "Bahraini",
    "majorSingle": "Dinar",
    "majorPlural": "Dinars",
    "IsoNum": 48,
    "symbol": "BD",
    "symbolNative": "د.ب.",
    "minorSingle": "Fils",
    "minorPlural": "Fils",
    "IsoDigits": 3,
    "decimals": 3,
    "numToBasic": 1000,
    "isoCode": "BHD"
  },
  {
    "name": "Burundian Franc",
    "demonym": "Burundian",
    "majorSingle": "Franc",
    "majorPlural": "Francs",
    "IsoNum": 108,
    "symbol": "FBu",
    "symbolNative": "FBu",
    "minorSingle": "Centime",
    "minorPlural": "Centimes",
    "IsoDigits": 0,
    "decimals": 2,
    "numToBasic": 100,
    "isoCode": "BIF"
  },
  {
    "name": "Bermudian Dollar",
    "demonym": "Bermudian",
    "majorSingle": "Dollar",
    "majorPlural": "Dollars",
    "IsoNum": 60,
    "symbol": "$",
    "symbolNative": "$",
    "minorSingle": "Cent",
    "minorPlural": "Cents",
    "IsoDigits": 2,
    "decimals": 2,
    "numToBasic": 100,
    "isoCode": "BMD"
  },
  {
    "name": "Brunei Dollar",
    "demonym": "Brunei",
    "majorSingle": "Dollar",
    "majorPlural": "Dollars",
    "IsoNum": 96,
    "symbol": "B$",
    "symbolNative": "$",
    "minorSingle": "Cent",
    "minorPlural": "Cents",
    "IsoDigits": 2,
    "decimals": 2,
    "numToBasic": 100,
    "isoCode": "BND"
  },
  {
    "name": "Bolivian Boliviano",
    "demonym": "Bolivian",
    "majorSingle": "Boliviano",
    "majorPlural": "Bolivianos",
    "IsoNum": 68,
    "symbol": "Bs.",
    "symbolNative": "Bs.",
    "minorSingle": "Centavo",
    "minorPlural": "Centavos",
    "IsoDigits": 2,
    "decimals": 2,
    "numToBasic": 100,
    "isoCode": "BOB"
  },
  {
    "name": "Brazilian Real",
    "demonym": "Brazilian",
    "majorSingle": "Real",
    "majorPlural": "Reais",
    "IsoNum": 986,
    "symbol": "R$",
    "symbolNative": "R$",
    "minorSingle": "Centavo",
    "minorPlural": "Centavos",
    "IsoDigits": 2,
    "decimals": 2,
    "numToBasic": 100,
    "isoCode": "BRL"
  },
  {
    "name": "Bahamian Dollar",
    "demonym": "Bahamian",
    "majorSingle": "Dollar",
    "majorPlural": "Dollars",
    "IsoNum": 44,
    "symbol": "$",
    "symbolNative": "$",
    "minorSingle": "Cent",
    "minorPlural": "Cents",
    "IsoDigits": 2,
    "decimals": 2,
    "numToBasic": 100,
    "isoCode": "BSD"
  },
  {
    "name": "Bhutanese Ngultrum",
    "demonym": "Bhutanese",
    "majorSingle": "Ngultrum",
    "majorPlural": "Ngultrums",
    "IsoNum": 64,
    "symbol": "Nu.",
    "symbolNative": "Nu.",
    "minorSingle": "Chetrum",
    "minorPlural": "Chetrums",
    "IsoDigits": 2,
    "decimals": 2,
    "numToBasic": 100,
    "isoCode": "BTN"
  },
  {
    "name": "Botswana Pula",
    "demonym": "Botswana",
    "majorSingle": "Pula",
    "majorPlural": "Pula",
    "IsoNum": 72,
    "symbol": "P",
    "symbolNative": "P",
    "minorSingle": "Thebe",
    "minorPlural": "Thebe",
    "IsoDigits": 2,
    "decimals": 2,
    "numToBasic": 100,
    "isoCode": "BWP"
  },
  {
    "name": "Belarusian Ruble",
    "demonym": "Belarusian",
    "majorSingle": "Ruble",
    "majorPlural": "Rubles",
    "IsoNum": 933,
    "symbol": "Br",
    "symbolNative": "руб.",
    "minorSingle": "Kapiejka",
    "minorPlural": "Kapiejka",
    "IsoDigits": 2,
    "decimals": 2,
    "numToBasic": 100,
    "isoCode": "BYN"
  },
  {
    "name": "Belize Dollar",
    "demonym": "Belize",
    "majorSingle": "Dollar",
    "majorPlural": "Dollars",
    "IsoNum": 84,
    "symbol": "BZ$",
    "symbolNative": "$",
    "minorSingle": "Cent",
    "minorPlural": "Cents",
    "IsoDigits": 2,
    "decimals": 2,
    "numToBasic": 100,
    "isoCode": "BZD"
  },
  {
    "name": "Canadian Dollar",
    "demonym": "Canadian",
    "majorSingle": "Dollar",
    "majorPlural": "Dollars",
    "IsoNum": 124,
    "symbol": "CA$",
    "symbolNative": "$",
    "minorSingle": "Cent",
    "minorPlural": "Cents",
    "IsoDigits": 2,
    "decimals": 2,
    "numToBasic": 100,
    "isoCode": "CAD"
  },
  {
    "name": "Congolese Franc",
    "demonym": "Congolese",
    "majorSingle": "Franc",
    "majorPlural": "Francs",
    "IsoNum": 976,
    "symbol": "FC",
    "symbolNative": "₣",
    "minorSingle": "Centime",
    "minorPlural": "Centimes",
    "IsoDigits": 2,
    "decimals": 2,
    "numToBasic": 100,
    "isoCode": "CDF"
  },
  {
    "name": "Swiss Franc",
    "demonym": "Swiss",
    "majorSingle": "Franc",
    "majorPlural": "Francs",
    "IsoNum": 756,
    "symbol": "Fr.",
    "symbolNative": "₣",
    "minorSingle": "Centime",
    "minorPlural": "Centimes",
    "IsoDigits": 2,
    "decimals": 2,
    "numToBasic": 100,
    "isoCode": "CHF"
  },
  {
    "name": "Cook Islands Dollar",
    "demonym": "Cook Islands",
    "majorSingle": "Dollar",
    "majorPlural": "Dollars",
    "IsoNum": null,
    "symbol": "$",
    "symbolNative": "$",
    "minorSingle": "Cent",
    "minorPlural": "Cents",
    "IsoDigits": 2,
    "decimals": 2,
    "numToBasic": 100,
    "isoCode": "CKD"
  },
  {
    "name": "Chilean Peso",
    "demonym": "Chilean",
    "majorSingle": "Peso",
    "majorPlural": "Pesos",
    "IsoNum": 152,
    "symbol": "CL$",
    "symbolNative": "$",
    "minorSingle": "Centavo",
    "minorPlural": "Centavos",
    "IsoDigits": 0,
    "decimals": 0,
    "numToBasic": 100,
    "isoCode": "CLP"
  },
  {
    "name": "Chinese Yuan",
    "demonym": "Chinese",
    "majorSingle": "Yuan",
    "majorPlural": "Yuan",
    "IsoNum": 156,
    "symbol": "CN¥",
    "symbolNative": "¥元",
    "minorSingle": "Fen",
    "minorPlural": "Fen",
    "IsoDigits": 2,
    "decimals": 2,
    "numToBasic": 100,
    "isoCode": "CNY"
  },
  {
    "name": "Colombian Peso",
    "demonym": "Colombian",
    "majorSingle": "Peso",
    "majorPlural": "Pesos",
    "IsoNum": 170,
    "symbol": "CO$",
    "symbolNative": "$",
    "minorSingle": "Centavo",
    "minorPlural": "Centavos",
    "IsoDigits": 2,
    "decimals": 2,
    "numToBasic": 100,
    "isoCode": "COP"
  },
  {
    "name": "Costa Rican Colon",
    "demonym": "Costa Rican",
    "majorSingle": "Colón",
    "majorPlural": "Colones",
    "IsoNum": 188,
    "symbol": "₡",
    "symbolNative": "₡",
    "minorSingle": "Centimo",
    "minorPlural": "Centimos",
    "IsoDigits": 2,
    "decimals": 2,
    "numToBasic": 100,
    "isoCode": "CRC"
  },
  {
    "name": "Cuban convertible Peso",
    "demonym": "Cuban Convertible",
    "majorSingle": "Peso",
    "majorPlural": "Pesos",
    "IsoNum": 931,
    "symbol": "CUC$",
    "symbolNative": "$",
    "minorSingle": "Centavo",
    "minorPlural": "Centavos",
    "IsoDigits": 2,
    "decimals": 2,
    "numToBasic": 100,
    "isoCode": "CUC"
  },
  {
    "name": "Cuban Peso",
    "demonym": "Cuban",
    "majorSingle": "Peso",
    "majorPlural": "Pesos",
    "IsoNum": 192,
    "symbol": "$MN",
    "symbolNative": "₱",
    "minorSingle": "Centavo",
    "minorPlural": "Centavos",
    "IsoDigits": 2,
    "decimals": 2,
    "numToBasic": 100,
    "isoCode": "CUP"
  },
  {
    "name": "Cabo Verdean Escudo",
    "demonym": "Cabo Verdean",
    "majorSingle": "Escudo",
    "majorPlural": "Escudo",
    "IsoNum": 132,
    "symbol": "CV$",
    "symbolNative": "$",
    "minorSingle": "Centavo",
    "minorPlural": "Centavos",
    "IsoDigits": 2,
    "decimals": 2,
    "numToBasic": 100,
    "isoCode": "CVE"
  },
  {
    "name": "Czech Koruna",
    "demonym": "Czech",
    "majorSingle": "Koruna",
    "majorPlural": "Koruny",
    "IsoNum": 203,
    "symbol": "Kč",
    "symbolNative": "Kč",
    "minorSingle": "Haléř",
    "minorPlural": "Haléř",
    "IsoDigits": 2,
    "decimals": 2,
    "numToBasic": 100,
    "isoCode": "CZK"
  },
  {
    "name": "Djiboutian Franc",
    "demonym": "Djiboutian",
    "majorSingle": "Franc",
    "majorPlural": "Francs",
    "IsoNum": 262,
    "symbol": "Fdj",
    "symbolNative": "ف.ج.",
    "minorSingle": "Centime",
    "minorPlural": "Centimes",
    "IsoDigits": 0,
    "decimals": 2,
    "numToBasic": 100,
    "isoCode": "DJF"
  },
  {
    "name": "Danish Krone",
    "demonym": "Danish",
    "majorSingle": "Krone",
    "majorPlural": "Kroner",
    "IsoNum": 208,
    "symbol": "kr.",
    "symbolNative": "kr.",
    "minorSingle": "Øre",
    "minorPlural": "Øre",
    "IsoDigits": 2,
    "decimals": 2,
    "numToBasic": 100,
    "isoCode": "DKK"
  },
  {
    "name": "Dominican Peso",
    "demonym": "Dominican",
    "majorSingle": "Peso",
    "majorPlural": "Pesos",
    "IsoNum": 214,
    "symbol": "RD$",
    "symbolNative": "$",
    "minorSingle": "Centavo",
    "minorPlural": "Centavos",
    "IsoDigits": 2,
    "decimals": 2,
    "numToBasic": 100,
    "isoCode": "DOP"
  },
  {
    "name": "Algerian Dinar",
    "demonym": "Algerian",
    "majorSingle": "Dinar",
    "majorPlural": "Dinars",
    "IsoNum": 12,
    "symbol": "DA",
    "symbolNative": "د.ج.",
    "minorSingle": "Santeem",
    "minorPlural": "Santeems",
    "IsoDigits": 2,
    "decimals": 2,
    "numToBasic": 100,
    "isoCode": "DZD"
  },
  {
    "name": "Egyptian Pound",
    "demonym": "Egyptian",
    "majorSingle": "Pound",
    "majorPlural": "Pounds",
    "IsoNum": 818,
    "symbol": "E£",
    "symbolNative": "ج.م.",
    "minorSingle": "Qirsh",
    "minorPlural": "Qirsh",
    "IsoDigits": 2,
    "decimals": 2,
    "numToBasic": 100,
    "isoCode": "EGP"
  },
  {
    "name": "Sahrawi Peseta",
    "demonym": "Sahrawi",
    "majorSingle": "Peseta",
    "majorPlural": "Pesetas",
    "IsoNum": null,
    "symbol": "Ptas.",
    "symbolNative": "Ptas.",
    "minorSingle": "Céntimo",
    "minorPlural": "Céntimos",
    "IsoDigits": 2,
    "decimals": 2,
    "numToBasic": 100,
    "isoCode": "EHP"
  },
  {
    "name": "Eritrean Nakfa",
    "demonym": "Eritrean",
    "majorSingle": "Nakfa",
    "majorPlural": "Nakfa",
    "IsoNum": 232,
    "symbol": "Nkf",
    "symbolNative": "ناكفا",
    "minorSingle": "Cent",
    "minorPlural": "Cents",
    "IsoDigits": 2,
    "decimals": 2,
    "numToBasic": 100,
    "isoCode": "ERN"
  },
  {
    "name": "Ethiopian Birr",
    "demonym": "Ethiopian",
    "majorSingle": "Birr",
    "majorPlural": "Birr",
    "IsoNum": 230,
    "symbol": "Br",
    "symbolNative": "ብር",
    "minorSingle": "Santim",
    "minorPlural": "Santim",
    "IsoDigits": 2,
    "decimals": 2,
    "numToBasic": 100,
    "isoCode": "ETB"
  },
  {
    "name": "Euro",
    "demonym": "",
    "majorSingle": "Euro",
    "majorPlural": "Euros",
    "IsoNum": 978,
    "symbol": "€",
    "symbolNative": "€",
    "minorSingle": "Cent",
    "minorPlural": "Cents",
    "IsoDigits": 2,
    "decimals": 2,
    "numToBasic": 100,
    "isoCode": "EUR"
  },
  {
    "name": "Fijian Dollar",
    "demonym": "Fijian",
    "majorSingle": "Dollar",
    "majorPlural": "Dollars",
    "IsoNum": 242,
    "symbol": "FJ$",
    "symbolNative": "$",
    "minorSingle": "Cent",
    "minorPlural": "Cents",
    "IsoDigits": 2,
    "decimals": 2,
    "numToBasic": 100,
    "isoCode": "FJD"
  },
  {
    "name": "Falkland Islands Pound",
    "demonym": "Falkland Islands",
    "majorSingle": "Pound",
    "majorPlural": "Pounds",
    "IsoNum": 238,
    "symbol": "FK£",
    "symbolNative": "£",
    "minorSingle": "Penny",
    "minorPlural": "Pence",
    "IsoDigits": 2,
    "decimals": 2,
    "numToBasic": 100,
    "isoCode": "FKP"
  },
  {
    "name": "Faroese Króna",
    "demonym": "Faroese",
    "majorSingle": "Króna",
    "majorPlural": "Krónas",
    "IsoNum": null,
    "symbol": "kr",
    "symbolNative": "kr",
    "minorSingle": "Oyra",
    "minorPlural": "Oyra",
    "IsoDigits": 2,
    "decimals": 2,
    "numToBasic": 100,
    "isoCode": "FOK"
  },
  {
    "name": "Pound Sterling",
    "demonym": "Pound Sterling",
    "majorSingle": "Pound",
    "majorPlural": "Pounds",
    "IsoNum": 826,
    "symbol": "£",
    "symbolNative": "£",
    "minorSingle": "Penny",
    "minorPlural": "Pence",
    "IsoDigits": 2,
    "decimals": 2,
    "numToBasic": 100,
    "isoCode": "GBP"
  },
  {
    "name": "Georgian Lari",
    "demonym": "Georgian",
    "majorSingle": "Lari",
    "majorPlural": "Lari",
    "IsoNum": 981,
    "symbol": "₾",
    "symbolNative": "₾",
    "minorSingle": "Tetri",
    "minorPlural": "Tetri",
    "IsoDigits": 2,
    "decimals": 2,
    "numToBasic": 100,
    "isoCode": "GEL"
  },
  {
    "name": "Guernsey Pound",
    "demonym": "Guernsey",
    "majorSingle": "Pound",
    "majorPlural": "Pounds",
    "IsoNum": null,
    "symbol": "£",
    "symbolNative": "£",
    "minorSingle": "Penny",
    "minorPlural": "Pence",
    "IsoDigits": 2,
    "decimals": 2,
    "numToBasic": 100,
    "isoCode": "GGP"
  },
  {
    "name": "Ghanaian Cedi",
    "demonym": "Ghanaian",
    "majorSingle": "Cedi",
    "majorPlural": "Cedis",
    "IsoNum": 936,
    "symbol": "GH₵",
    "symbolNative": "₵",
    "minorSingle": "Pesewa",
    "minorPlural": "Pesewas",
    "IsoDigits": 2,
    "decimals": 2,
    "numToBasic": 100,
    "isoCode": "GHS"
  },
  {
    "name": "Gibraltar Pound",
    "demonym": "Gibraltar",
    "majorSingle": "Pound",
    "majorPlural": "Pounds",
    "IsoNum": 292,
    "symbol": "£",
    "symbolNative": "£",
    "minorSingle": "Penny",
    "minorPlural": "Pence",
    "IsoDigits": 2,
    "decimals": 2,
    "numToBasic": 100,
    "isoCode": "GIP"
  },
  {
    "name": "Gambian Dalasi",
    "demonym": "Gambian",
    "majorSingle": "Dalasi",
    "majorPlural": "Dalasis",
    "IsoNum": 270,
    "symbol": "D",
    "symbolNative": "D",
    "minorSingle": "Butut",
    "minorPlural": "Bututs",
    "IsoDigits": 2,
    "decimals": 2,
    "numToBasic": 100,
    "isoCode": "GMD"
  },
  {
    "name": "Guinean Franc",
    "demonym": "Guinean",
    "majorSingle": "Franc",
    "majorPlural": "Francs",
    "IsoNum": 324,
    "symbol": "FG",
    "symbolNative": "FG",
    "minorSingle": "Centime",
    "minorPlural": "Centimes",
    "IsoDigits": 0,
    "decimals": 2,
    "numToBasic": 100,
    "isoCode": "GNF"
  },
  {
    "name": "Guatemalan Quetzal",
    "demonym": "Guatemalan",
    "majorSingle": "Quetzal",
    "majorPlural": "Quetzales",
    "IsoNum": 320,
    "symbol": "Q",
    "symbolNative": "$",
    "minorSingle": "Centavo",
    "minorPlural": "Centavos",
    "IsoDigits": 2,
    "decimals": 2,
    "numToBasic": 100,
    "isoCode": "GTQ"
  },
  {
    "name": "Guyanese Dollar",
    "demonym": "Guyanese",
    "majorSingle": "Dollar",
    "majorPlural": "Dollars",
    "IsoNum": 328,
    "symbol": "G$",
    "symbolNative": "$",
    "minorSingle": "Cent",
    "minorPlural": "Cents",
    "IsoDigits": 2,
    "decimals": 2,
    "numToBasic": 100,
    "isoCode": "GYD"
  },
  {
    "name": "Hong Kong Dollar",
    "demonym": "Hong Kong",
    "majorSingle": "Dollar",
    "majorPlural": "Dollars",
    "IsoNum": 344,
    "symbol": "HK$",
    "symbolNative": "$",
    "minorSingle": "Cent",
    "minorPlural": "Cents",
    "IsoDigits": 2,
    "decimals": 2,
    "numToBasic": 100,
    "isoCode": "HKD"
  },
  {
    "name": "Honduran Lempira",
    "demonym": "Honduran",
    "majorSingle": "Lempira",
    "majorPlural": "Lempiras",
    "IsoNum": 340,
    "symbol": "L",
    "symbolNative": "L",
    "minorSingle": "Centavo",
    "minorPlural": "Centavos",
    "IsoDigits": 2,
    "decimals": 2,
    "numToBasic": 100,
    "isoCode": "HNL"
  },
  {
    "name": "Croatian Kuna",
    "demonym": "Croatian",
    "majorSingle": "Kuna",
    "majorPlural": "Kuna",
    "IsoNum": 191,
    "symbol": "kn",
    "symbolNative": "kn",
    "minorSingle": "Lipa",
    "minorPlural": "Lipa",
    "IsoDigits": 2,
    "decimals": 2,
    "numToBasic": 100,
    "isoCode": "HRK"
  },
  {
    "name": "Haitian Gourde",
    "demonym": "Haitian",
    "majorSingle": "Gourde",
    "majorPlural": "Gourdes",
    "IsoNum": 332,
    "symbol": "G",
    "symbolNative": "G",
    "minorSingle": "Centime",
    "minorPlural": "Centimes",
    "IsoDigits": 2,
    "decimals": 2,
    "numToBasic": 100,
    "isoCode": "HTG"
  },
  {
    "name": "Hungarian Forint",
    "demonym": "Hungarian",
    "majorSingle": "Forint",
    "majorPlural": "Forint",
    "IsoNum": 348,
    "symbol": "Ft",
    "symbolNative": "Ft",
    "minorSingle": "fillér",
    "minorPlural": "fillér",
    "IsoDigits": 2,
    "decimals": 2,
    "numToBasic": 100,
    "isoCode": "HUF"
  },
  {
    "name": "Indonesian Rupiah",
    "demonym": "Indonesian",
    "majorSingle": "Rupiah",
    "majorPlural": "Rupiah",
    "IsoNum": 360,
    "symbol": "Rp",
    "symbolNative": "Rp",
    "minorSingle": "Sen",
    "minorPlural": "Sen",
    "IsoDigits": 2,
    "decimals": 2,
    "numToBasic": 100,
    "isoCode": "IDR"
  },
  {
    "name": "Israeli new Shekel",
    "demonym": "Israeli",
    "majorSingle": "Shekel",
    "majorPlural": "Shekels",
    "IsoNum": 376,
    "symbol": "₪",
    "symbolNative": "₪",
    "minorSingle": "Agora",
    "minorPlural": "Agoras",
    "IsoDigits": 2,
    "decimals": 2,
    "numToBasic": 100,
    "isoCode": "ILS"
  },
  {
    "name": "Manx Pound",
    "demonym": "Manx",
    "majorSingle": "Pound",
    "majorPlural": "Pounds",
    "IsoNum": null,
    "symbol": "£",
    "symbolNative": "£",
    "minorSingle": "Penny",
    "minorPlural": "Pence",
    "IsoDigits": 2,
    "decimals": 2,
    "numToBasic": 100,
    "isoCode": "IMP"
  },
  {
    "name": "Indian Rupee",
    "demonym": "Indian",
    "majorSingle": "Rupee",
    "majorPlural": "Rupees",
    "IsoNum": 356,
    "symbol": "Rs.",
    "symbolNative": "₹",
    "minorSingle": "Paisa",
    "minorPlural": "Paise",
    "IsoDigits": 2,
    "decimals": 2,
    "numToBasic": 100,
    "isoCode": "INR"
  },
  {
    "name": "Iraqi Dinar",
    "demonym": "Iraqi",
    "majorSingle": "Dinar",
    "majorPlural": "Dinars",
    "IsoNum": 368,
    "symbol": "د.ع.",
    "symbolNative": "د.ع.",
    "minorSingle": "Fils",
    "minorPlural": "Fils",
    "IsoDigits": 3,
    "decimals": 3,
    "numToBasic": 1000,
    "isoCode": "IQD"
  },
  {
    "name": "Iranian Rial",
    "demonym": "Iranian",
    "majorSingle": "Rial",
    "majorPlural": "Rials",
    "IsoNum": 364,
    "symbol": "﷼",
    "symbolNative": "﷼",
    "minorSingle": "Dinar",
    "minorPlural": "Dinars",
    "IsoDigits": 2,
    "decimals": 2,
    "numToBasic": 100,
    "isoCode": "IRR"
  },
  {
    "name": "Icelandic Krona",
    "demonym": "Icelandic",
    "majorSingle": "Krona",
    "majorPlural": "Krónur",
    "IsoNum": 352,
    "symbol": "kr",
    "symbolNative": "kr",
    "minorSingle": "Aurar",
    "minorPlural": "Aurar",
    "IsoDigits": 0,
    "decimals": 2,
    "numToBasic": 100,
    "isoCode": "ISK"
  },
  {
    "name": "Jersey Pound",
    "demonym": "Jersey",
    "majorSingle": "Pound",
    "majorPlural": "Pounds",
    "IsoNum": null,
    "symbol": "£",
    "symbolNative": "£",
    "minorSingle": "Penny",
    "minorPlural": "Pence",
    "IsoDigits": 2,
    "decimals": 2,
    "numToBasic": 100,
    "isoCode": "JEP"
  },
  {
    "name": "Jamaican Dollar",
    "demonym": "Jamaican",
    "majorSingle": "Dollar",
    "majorPlural": "Dollars",
    "IsoNum": 388,
    "symbol": "J$",
    "symbolNative": "$",
    "minorSingle": "Cent",
    "minorPlural": "Cents",
    "IsoDigits": 2,
    "decimals": 2,
    "numToBasic": 100,
    "isoCode": "JMD"
  },
  {
    "name": "Jordanian Dinar",
    "demonym": "Jordanian",
    "majorSingle": "Dinar",
    "majorPlural": "Dinars",
    "IsoNum": 400,
    "symbol": "JD",
    "symbolNative": "د.أ.",
    "minorSingle": "Fils",
    "minorPlural": "Fils",
    "IsoDigits": 3,
    "decimals": 3,
    "numToBasic": 1000,
    "isoCode": "JOD"
  },
  {
    "name": "Japanese Yen",
    "demonym": "Japanese",
    "majorSingle": "Yen",
    "majorPlural": "Yen",
    "IsoNum": 392,
    "symbol": "¥",
    "symbolNative": "¥",
    "minorSingle": "Sen",
    "minorPlural": "Sen",
    "IsoDigits": 0,
    "decimals": 2,
    "numToBasic": 100,
    "isoCode": "JPY"
  },
  {
    "name": "Kenyan Shilling",
    "demonym": "Kenyan",
    "majorSingle": "Shilling",
    "majorPlural": "Shillings",
    "IsoNum": 404,
    "symbol": "KSh",
    "symbolNative": "KSh",
    "minorSingle": "Cent",
    "minorPlural": "Cents",
    "IsoDigits": 2,
    "decimals": 2,
    "numToBasic": 100,
    "isoCode": "KES"
  },
  {
    "name": "Kyrgyzstani Som",
    "demonym": "Kyrgyzstani",
    "majorSingle": "Som",
    "majorPlural": "Som",
    "IsoNum": 417,
    "symbol": "с",
    "symbolNative": "с",
    "minorSingle": "Tyiyn",
    "minorPlural": "Tyiyn",
    "IsoDigits": 2,
    "decimals": 2,
    "numToBasic": 100,
    "isoCode": "KGS"
  },
  {
    "name": "Cambodian Riel",
    "demonym": "Cambodian",
    "majorSingle": "Riel",
    "majorPlural": "Riels",
    "IsoNum": 116,
    "symbol": "៛",
    "symbolNative": "៛",
    "minorSingle": "Sen",
    "minorPlural": "Sen",
    "IsoDigits": 2,
    "decimals": 2,
    "numToBasic": 100,
    "isoCode": "KHR"
  },
  {
    "name": "Kiribati Dollar",
    "demonym": "Kiribati",
    "majorSingle": "Dollar",
    "majorPlural": "Dollars",
    "IsoNum": null,
    "symbol": "$",
    "symbolNative": "$",
    "minorSingle": "Cent",
    "minorPlural": "Cents",
    "IsoDigits": 2,
    "decimals": 2,
    "numToBasic": 100,
    "isoCode": "KID"
  },
  {
    "name": "Comorian Franc",
    "demonym": "Comorian",
    "majorSingle": "Franc",
    "majorPlural": "Francs",
    "IsoNum": 174,
    "symbol": "CF",
    "symbolNative": "CF",
    "minorSingle": "Centime",
    "minorPlural": "Centimes",
    "IsoDigits": 0,
    "decimals": 2,
    "numToBasic": 100,
    "isoCode": "KMF"
  },
  {
    "name": "North Korean Won",
    "demonym": "North Korean",
    "majorSingle": "Won",
    "majorPlural": "Won",
    "IsoNum": 408,
    "symbol": "₩",
    "symbolNative": "₩",
    "minorSingle": "Chon",
    "minorPlural": "Chon",
    "IsoDigits": 2,
    "decimals": 2,
    "numToBasic": 100,
    "isoCode": "KPW"
  },
  {
    "name": "South Korean Won",
    "demonym": "South Korean",
    "majorSingle": "Won",
    "majorPlural": "Won",
    "IsoNum": 410,
    "symbol": "₩",
    "symbolNative": "₩",
    "minorSingle": "Jeon",
    "minorPlural": "Jeon",
    "IsoDigits": 0,
    "decimals": 2,
    "numToBasic": 100,
    "isoCode": "KRW"
  },
  {
    "name": "Kuwaiti Dinar",
    "demonym": "Kuwaiti",
    "majorSingle": "Dinar",
    "majorPlural": "Dinars",
    "IsoNum": 414,
    "symbol": "KD",
    "symbolNative": "د.ك.",
    "minorSingle": "Fils",
    "minorPlural": "Fils",
    "IsoDigits": 3,
    "decimals": 3,
    "numToBasic": 1000,
    "isoCode": "KWD"
  },
  {
    "name": "Cayman Islands Dollar",
    "demonym": "Cayman Islands",
    "majorSingle": "Dollar",
    "majorPlural": "Dollars",
    "IsoNum": 136,
    "symbol": "CI$",
    "symbolNative": "$",
    "minorSingle": "Cent",
    "minorPlural": "Cents",
    "IsoDigits": 2,
    "decimals": 2,
    "numToBasic": 100,
    "isoCode": "KYD"
  },
  {
    "name": "Kazakhstani Tenge",
    "demonym": "Kazakhstani",
    "majorSingle": "Tenge",
    "majorPlural": "Tenge",
    "IsoNum": 398,
    "symbol": "₸",
    "symbolNative": "₸",
    "minorSingle": "Tıyn",
    "minorPlural": "Tıyn",
    "IsoDigits": 2,
    "decimals": 2,
    "numToBasic": 100,
    "isoCode": "KZT"
  },
  {
    "name": "Lao Kip",
    "demonym": "Lao",
    "majorSingle": "Kip",
    "majorPlural": "Kip",
    "IsoNum": 418,
    "symbol": "₭N",
    "symbolNative": "₭",
    "minorSingle": "Att",
    "minorPlural": "Att",
    "IsoDigits": 2,
    "decimals": 2,
    "numToBasic": 100,
    "isoCode": "LAK"
  },
  {
    "name": "Lebanese Pound",
    "demonym": "Lebanese",
    "majorSingle": "Pound",
    "majorPlural": "Pounds",
    "IsoNum": 422,
    "symbol": "LL.",
    "symbolNative": "ل.ل.",
    "minorSingle": "Qirsh",
    "minorPlural": "Qirsh",
    "IsoDigits": 2,
    "decimals": 2,
    "numToBasic": 100,
    "isoCode": "LBP"
  },
  {
    "name": "Sri Lankan Rupee",
    "demonym": "Sri Lankan",
    "majorSingle": "Rupee",
    "majorPlural": "Rupees",
    "IsoNum": 144,
    "symbol": "Rs.",
    "symbolNative": "රු or ரூ",
    "minorSingle": "Cent",
    "minorPlural": "Cents",
    "IsoDigits": 2,
    "decimals": 2,
    "numToBasic": 100,
    "isoCode": "LKR"
  },
  {
    "name": "Liberian Dollar",
    "demonym": "Liberian",
    "majorSingle": "Dollar",
    "majorPlural": "Dollars",
    "IsoNum": 430,
    "symbol": "L$",
    "symbolNative": "$",
    "minorSingle": "Cent",
    "minorPlural": "Cents",
    "IsoDigits": 2,
    "decimals": 2,
    "numToBasic": 100,
    "isoCode": "LRD"
  },
  {
    "name": "Lesotho Loti",
    "demonym": "Lesotho",
    "majorSingle": "Loti",
    "majorPlural": "maLoti",
    "IsoNum": 426,
    "symbol": "L",
    "symbolNative": "L",
    "minorSingle": "Sente",
    "minorPlural": "Lisente",
    "IsoDigits": 2,
    "decimals": 2,
    "numToBasic": 100,
    "isoCode": "LSL"
  },
  {
    "name": "Libyan Dinar",
    "demonym": "Libyan",
    "majorSingle": "Dinar",
    "majorPlural": "Dinars",
    "IsoNum": 434,
    "symbol": "LD",
    "symbolNative": "ل.د.",
    "minorSingle": "Dirham",
    "minorPlural": "Dirhams",
    "IsoDigits": 3,
    "decimals": 3,
    "numToBasic": 1000,
    "isoCode": "LYD"
  },
  {
    "name": "Moroccan Dirham",
    "demonym": "Moroccan",
    "majorSingle": "Dirham",
    "majorPlural": "Dirhams",
    "IsoNum": 504,
    "symbol": "DH",
    "symbolNative": "د.م.",
    "minorSingle": "Centime",
    "minorPlural": "Centimes",
    "IsoDigits": 2,
    "decimals": 2,
    "numToBasic": 100,
    "isoCode": "MAD"
  },
  {
    "name": "Moldovan Leu",
    "demonym": "Moldovan",
    "majorSingle": "Leu",
    "majorPlural": "Lei",
    "IsoNum": 498,
    "symbol": "L",
    "symbolNative": "L",
    "minorSingle": "Ban",
    "minorPlural": "Bani",
    "IsoDigits": 2,
    "decimals": 2,
    "numToBasic": 100,
    "isoCode": "MDL"
  },
  {
    "name": "Malagasy Ariary",
    "demonym": "Malagasy",
    "majorSingle": "Ariary",
    "majorPlural": "Ariary",
    "IsoNum": 969,
    "symbol": "Ar",
    "symbolNative": "Ar",
    "minorSingle": "Iraimbilanja",
    "minorPlural": "Iraimbilanja",
    "IsoDigits": 2,
    "decimals": 0,
    "numToBasic": 5,
    "isoCode": "MGA"
  },
  {
    "name": "Macedonian Denar",
    "demonym": "Macedonian",
    "majorSingle": "Denar",
    "majorPlural": "Denars",
    "IsoNum": 807,
    "symbol": "den",
    "symbolNative": "ден",
    "minorSingle": "Deni",
    "minorPlural": "Deni",
    "IsoDigits": 2,
    "decimals": 2,
    "numToBasic": 100,
    "isoCode": "MKD"
  },
  {
    "name": "Myanmar Kyat",
    "demonym": "Myanmar",
    "majorSingle": "Kyat",
    "majorPlural": "Kyat",
    "IsoNum": 104,
    "symbol": "Ks",
    "symbolNative": "Ks",
    "minorSingle": "Pya",
    "minorPlural": "Pya",
    "IsoDigits": 2,
    "decimals": 2,
    "numToBasic": 100,
    "isoCode": "MMK"
  },
  {
    "name": "Mongolian Tögrög",
    "demonym": "Mongolian",
    "majorSingle": "Tögrög",
    "majorPlural": "Tögrög",
    "IsoNum": 496,
    "symbol": "₮",
    "symbolNative": "₮",
    "minorSingle": "möngö",
    "minorPlural": "möngö",
    "IsoDigits": 2,
    "decimals": 2,
    "numToBasic": 100,
    "isoCode": "MNT"
  },
  {
    "name": "Macanese Pataca",
    "demonym": "Macanese",
    "majorSingle": "Pataca",
    "majorPlural": "Patacas",
    "IsoNum": 446,
    "symbol": "MOP$",
    "symbolNative": "MOP$",
    "minorSingle": "Avo",
    "minorPlural": "Avos",
    "IsoDigits": 2,
    "decimals": 2,
    "numToBasic": 100,
    "isoCode": "MOP"
  },
  {
    "name": "Mauritanian Ouguiya",
    "demonym": "Mauritanian",
    "majorSingle": "Ouguiya",
    "majorPlural": "Ouguiya",
    "IsoNum": 929,
    "symbol": "UM",
    "symbolNative": "أ.م.",
    "minorSingle": "Khoums",
    "minorPlural": "Khoums",
    "IsoDigits": 2,
    "decimals": 0,
    "numToBasic": 5,
    "isoCode": "MRU"
  },
  {
    "name": "Mauritian Rupee",
    "demonym": "Mauritian",
    "majorSingle": "Rupee",
    "majorPlural": "Rupees",
    "IsoNum": 480,
    "symbol": "Rs.",
    "symbolNative": "रु ",
    "minorSingle": "Cent",
    "minorPlural": "Cents",
    "IsoDigits": 2,
    "decimals": 2,
    "numToBasic": 100,
    "isoCode": "MUR"
  },
  {
    "name": "Maldivian Rufiyaa",
    "demonym": "Maldivian",
    "majorSingle": "Rufiyaa",
    "majorPlural": "Rufiyaa",
    "IsoNum": 462,
    "symbol": "MRf",
    "symbolNative": ".ރ",
    "minorSingle": "laari",
    "minorPlural": "laari",
    "IsoDigits": 2,
    "decimals": 2,
    "numToBasic": 100,
    "isoCode": "MVR"
  },
  {
    "name": "Malawian Kwacha",
    "demonym": "Malawian",
    "majorSingle": "Kwacha",
    "majorPlural": "Kwacha",
    "IsoNum": 454,
    "symbol": "MK",
    "symbolNative": "MK",
    "minorSingle": "Tambala",
    "minorPlural": "Tambala",
    "IsoDigits": 2,
    "decimals": 2,
    "numToBasic": 100,
    "isoCode": "MWK"
  },
  {
    "name": "Mexican Peso",
    "demonym": "Mexican",
    "majorSingle": "Peso",
    "majorPlural": "Pesos",
    "IsoNum": 484,
    "symbol": "MX$",
    "symbolNative": "$",
    "minorSingle": "Centavo",
    "minorPlural": "Centavos",
    "IsoDigits": 2,
    "decimals": 2,
    "numToBasic": 100,
    "isoCode": "MXN"
  },
  {
    "name": "Malaysian Ringgit",
    "demonym": "Malaysian",
    "majorSingle": "Ringgit",
    "majorPlural": "Ringgit",
    "IsoNum": 458,
    "symbol": "RM",
    "symbolNative": "RM",
    "minorSingle": "Sen",
    "minorPlural": "Sen",
    "IsoDigits": 2,
    "decimals": 2,
    "numToBasic": 100,
    "isoCode": "MYR"
  },
  {
    "name": "Mozambican Metical",
    "demonym": "Mozambican",
    "majorSingle": "Metical",
    "majorPlural": "Meticais",
    "IsoNum": 943,
    "symbol": "MTn",
    "symbolNative": "MT",
    "minorSingle": "Centavo",
    "minorPlural": "Centavos",
    "IsoDigits": 2,
    "decimals": 2,
    "numToBasic": 100,
    "isoCode": "MZN"
  },
  {
    "name": "Namibian Dollar",
    "demonym": "Namibian",
    "majorSingle": "Dollar",
    "majorPlural": "Dollars",
    "IsoNum": 516,
    "symbol": "N$",
    "symbolNative": "$",
    "minorSingle": "Cent",
    "minorPlural": "Cents",
    "IsoDigits": 2,
    "decimals": 2,
    "numToBasic": 100,
    "isoCode": "NAD"
  },
  {
    "name": "Nigerian Naira",
    "demonym": "Nigerian",
    "majorSingle": "Naira",
    "majorPlural": "Naira",
    "IsoNum": 566,
    "symbol": "₦",
    "symbolNative": "₦",
    "minorSingle": "Kobo",
    "minorPlural": "Kobo",
    "IsoDigits": 2,
    "decimals": 2,
    "numToBasic": 100,
    "isoCode": "NGN"
  },
  {
    "name": "Nicaraguan Córdoba",
    "demonym": "Nicaraguan",
    "majorSingle": "Córdoba Oro",
    "majorPlural": "Córdoba Oro",
    "IsoNum": 558,
    "symbol": "C$",
    "symbolNative": "C$",
    "minorSingle": "Centavo",
    "minorPlural": "Centavos",
    "IsoDigits": 2,
    "decimals": 2,
    "numToBasic": 100,
    "isoCode": "NIO"
  },
  {
    "name": "Norwegian Krone",
    "demonym": "Norwegian",
    "majorSingle": "Krone",
    "majorPlural": "Kroner",
    "IsoNum": 578,
    "symbol": "kr",
    "symbolNative": "kr",
    "minorSingle": "øre",
    "minorPlural": "øre",
    "IsoDigits": 2,
    "decimals": 2,
    "numToBasic": 100,
    "isoCode": "NOK"
  },
  {
    "name": "Nepalese Rupee",
    "demonym": "Nepalese",
    "majorSingle": "Rupee",
    "majorPlural": "Rupees",
    "IsoNum": 524,
    "symbol": "Rs.",
    "symbolNative": "रू",
    "minorSingle": "Paisa",
    "minorPlural": "Paise",
    "IsoDigits": 2,
    "decimals": 2,
    "numToBasic": 100,
    "isoCode": "NPR"
  },
  {
    "name": "New Zealand Dollar",
    "demonym": "New Zealand",
    "majorSingle": "Dollar",
    "majorPlural": "Dollars",
    "IsoNum": 554,
    "symbol": "NZ$",
    "symbolNative": "$",
    "minorSingle": "Cent",
    "minorPlural": "Cents",
    "IsoDigits": 2,
    "decimals": 2,
    "numToBasic": 100,
    "isoCode": "NZD"
  },
  {
    "name": "Omani Rial",
    "demonym": "Omani",
    "majorSingle": "Rial",
    "majorPlural": "Rials",
    "IsoNum": 512,
    "symbol": "OR",
    "symbolNative": "ر.ع.",
    "minorSingle": "Baisa",
    "minorPlural": "Baisa",
    "IsoDigits": 3,
    "decimals": 3,
    "numToBasic": 1000,
    "isoCode": "OMR"
  },
  {
    "name": "Panamanian Balboa",
    "demonym": "Panamanian",
    "majorSingle": "Balboa",
    "majorPlural": "Balboa",
    "IsoNum": 590,
    "symbol": "B/.",
    "symbolNative": "B/.",
    "minorSingle": "Centésimo",
    "minorPlural": "Centésimos",
    "IsoDigits": 2,
    "decimals": 2,
    "numToBasic": 100,
    "isoCode": "PAB"
  },
  {
    "name": "Peruvian Sol",
    "demonym": "Peruvian",
    "majorSingle": "Sol",
    "majorPlural": "Soles",
    "IsoNum": 604,
    "symbol": "S/.",
    "symbolNative": "S/.",
    "minorSingle": "Céntimo",
    "minorPlural": "Céntimos",
    "IsoDigits": 2,
    "decimals": 2,
    "numToBasic": 100,
    "isoCode": "PEN"
  },
  {
    "name": "Papua New Guinean Kina",
    "demonym": "Papua New Guinean",
    "majorSingle": "Kina",
    "majorPlural": "Kina",
    "IsoNum": 598,
    "symbol": "K",
    "symbolNative": "K",
    "minorSingle": "Toea",
    "minorPlural": "Toea",
    "IsoDigits": 2,
    "decimals": 2,
    "numToBasic": 100,
    "isoCode": "PGK"
  },
  {
    "name": "Philippine Peso",
    "demonym": "Philippine",
    "majorSingle": "Peso",
    "majorPlural": "Pesos",
    "IsoNum": 608,
    "symbol": "₱",
    "symbolNative": "₱",
    "minorSingle": "Sentimo",
    "minorPlural": "Sentimo",
    "IsoDigits": 2,
    "decimals": 2,
    "numToBasic": 100,
    "isoCode": "PHP"
  },
  {
    "name": "Pakistani Rupee",
    "demonym": "Pakistani",
    "majorSingle": "Rupee",
    "majorPlural": "Rupees",
    "IsoNum": 586,
    "symbol": "Rs.",
    "symbolNative": "Rs",
    "minorSingle": "Paisa",
    "minorPlural": "Paise",
    "IsoDigits": 2,
    "decimals": 2,
    "numToBasic": 100,
    "isoCode": "PKR"
  },
  {
    "name": "Polish Zloty",
    "demonym": "Polish",
    "majorSingle": "Zloty",
    "majorPlural": "Zlotys",
    "IsoNum": 985,
    "symbol": "zł",
    "symbolNative": "zł",
    "minorSingle": "Grosz",
    "minorPlural": "Groszy",
    "IsoDigits": 2,
    "decimals": 2,
    "numToBasic": 100,
    "isoCode": "PLN"
  },
  {
    "name": "Pitcairn Islands Dollar",
    "demonym": "Pitcairn Islands",
    "majorSingle": "Dollar",
    "majorPlural": "Dollars",
    "IsoNum": null,
    "symbol": "$",
    "symbolNative": "$",
    "minorSingle": "Cent",
    "minorPlural": "Cents",
    "IsoDigits": 2,
    "decimals": 2,
    "numToBasic": 100,
    "isoCode": "PND"
  },
  {
    "name": "Transnistrian Ruble",
    "demonym": "Transnistrian",
    "majorSingle": "Ruble",
    "majorPlural": "Rubles",
    "IsoNum": null,
    "symbol": "р.",
    "symbolNative": "р.",
    "minorSingle": "Kopek",
    "minorPlural": "Kopeks",
    "IsoDigits": 2,
    "decimals": 2,
    "numToBasic": 100,
    "isoCode": "PRB"
  },
  {
    "name": "Paraguayan Guaraní",
    "demonym": "Paraguayan",
    "majorSingle": "Guaraní",
    "majorPlural": "Guaraníes",
    "IsoNum": 600,
    "symbol": "₲",
    "symbolNative": "₲",
    "minorSingle": "Centimo",
    "minorPlural": "Centimos",
    "IsoDigits": 0,
    "decimals": 2,
    "numToBasic": 100,
    "isoCode": "PYG"
  },
  {
    "name": "Qatari Riyal",
    "demonym": "Qatari",
    "majorSingle": "Riyal",
    "majorPlural": "Riyals",
    "IsoNum": 634,
    "symbol": "QR",
    "symbolNative": "ر.ق.",
    "minorSingle": "Dirham",
    "minorPlural": "Dirhams",
    "IsoDigits": 2,
    "decimals": 2,
    "numToBasic": 100,
    "isoCode": "QAR"
  },
  {
    "name": "Romanian Leu",
    "demonym": "Romanian",
    "majorSingle": "Leu",
    "majorPlural": "Lei",
    "IsoNum": 946,
    "symbol": "L",
    "symbolNative": "L",
    "minorSingle": "Ban",
    "minorPlural": "Bani",
    "IsoDigits": 2,
    "decimals": 2,
    "numToBasic": 100,
    "isoCode": "RON"
  },
  {
    "name": "Serbian Dinar",
    "demonym": "Serbian",
    "majorSingle": "Dinar",
    "majorPlural": "Dinars",
    "IsoNum": 941,
    "symbol": "din",
    "symbolNative": "дин",
    "minorSingle": "Para",
    "minorPlural": "Para",
    "IsoDigits": 2,
    "decimals": 2,
    "numToBasic": 100,
    "isoCode": "RSD"
  },
  {
    "name": "Russian Ruble",
    "demonym": "Russian",
    "majorSingle": "Ruble",
    "majorPlural": "Rubles",
    "IsoNum": 643,
    "symbol": "₽",
    "symbolNative": "₽",
    "minorSingle": "Kopek",
    "minorPlural": "Kopeks",
    "IsoDigits": 2,
    "decimals": 2,
    "numToBasic": 100,
    "isoCode": "RUB"
  },
  {
    "name": "Rwandan Franc",
    "demonym": "Rwandan",
    "majorSingle": "Franc",
    "majorPlural": "Francs",
    "IsoNum": 646,
    "symbol": "FRw",
    "symbolNative": "R₣",
    "minorSingle": "Centime",
    "minorPlural": "Centimes",
    "IsoDigits": 0,
    "decimals": 2,
    "numToBasic": 100,
    "isoCode": "RWF"
  },
  {
    "name": "Saudi Riyal",
    "demonym": "Saudi",
    "majorSingle": "Riyal",
    "majorPlural": "Riyals",
    "IsoNum": 682,
    "symbol": "SR",
    "symbolNative": "ر.س.",
    "minorSingle": "Halalah",
    "minorPlural": "Halalahs",
    "IsoDigits": 2,
    "decimals": 2,
    "numToBasic": 100,
    "isoCode": "SAR"
  },
  {
    "name": "Solomon Islands Dollar",
    "demonym": "Solomon Islands",
    "majorSingle": "Dollar",
    "majorPlural": "Dollars",
    "IsoNum": 90,
    "symbol": "SI$",
    "symbolNative": "$",
    "minorSingle": "Cent",
    "minorPlural": "Cents",
    "IsoDigits": 2,
    "decimals": 2,
    "numToBasic": 100,
    "isoCode": "SBD"
  },
  {
    "name": "Seychellois Rupee",
    "demonym": "Seychellois",
    "majorSingle": "Rupee",
    "majorPlural": "Rupees",
    "IsoNum": 690,
    "symbol": "Rs.",
    "symbolNative": "Rs",
    "minorSingle": "Cent",
    "minorPlural": "Cents",
    "IsoDigits": 2,
    "decimals": 2,
    "numToBasic": 100,
    "isoCode": "SCR"
  },
  {
    "name": "Sudanese Pound",
    "demonym": "Sudanese",
    "majorSingle": "Pound",
    "majorPlural": "Pounds",
    "IsoNum": 938,
    "symbol": "£SD",
    "symbolNative": "ج.س.",
    "minorSingle": "Qirsh",
    "minorPlural": "Qirsh",
    "IsoDigits": 2,
    "decimals": 2,
    "numToBasic": 100,
    "isoCode": "SDG"
  },
  {
    "name": "Swedish Krona",
    "demonym": "Swedish",
    "majorSingle": "Krona",
    "majorPlural": "Kronor",
    "IsoNum": 752,
    "symbol": "kr",
    "symbolNative": "kr",
    "minorSingle": "Öre",
    "minorPlural": "Öre",
    "IsoDigits": 2,
    "decimals": 2,
    "numToBasic": 100,
    "isoCode": "SEK"
  },
  {
    "name": "Singapore Dollar",
    "demonym": "Singapore",
    "majorSingle": "Dollar",
    "majorPlural": "Dollars",
    "IsoNum": 702,
    "symbol": "S$",
    "symbolNative": "$",
    "minorSingle": "Cent",
    "minorPlural": "Cents",
    "IsoDigits": 2,
    "decimals": 2,
    "numToBasic": 100,
    "isoCode": "SGD"
  },
  {
    "name": "Saint Helena Pound",
    "demonym": "Saint Helena",
    "majorSingle": "Pound",
    "majorPlural": "Pounds",
    "IsoNum": 654,
    "symbol": "£",
    "symbolNative": "£",
    "minorSingle": "Penny",
    "minorPlural": "Pence",
    "IsoDigits": 2,
    "decimals": 2,
    "numToBasic": 100,
    "isoCode": "SHP"
  },
  {
    "name": "Sierra Leonean Leone",
    "demonym": "Sierra Leonean",
    "majorSingle": "Leone",
    "majorPlural": "Leones",
    "IsoNum": 694,
    "symbol": "Le",
    "symbolNative": "Le",
    "minorSingle": "Cent",
    "minorPlural": "Cents",
    "IsoDigits": 2,
    "decimals": 2,
    "numToBasic": 100,
    "isoCode": "SLL"
  },
  {
    "name": "Somaliland Shilling",
    "demonym": "Somaliland",
    "majorSingle": "Shilling",
    "majorPlural": "Shillings",
    "IsoNum": null,
    "symbol": "Sl",
    "symbolNative": "Sl",
    "minorSingle": "Cent",
    "minorPlural": "Cents",
    "IsoDigits": 2,
    "decimals": 2,
    "numToBasic": 100,
    "isoCode": "SLS"
  },
  {
    "name": "Somali Shilling",
    "demonym": "Somali",
    "majorSingle": "Shilling",
    "majorPlural": "Shillings",
    "IsoNum": 706,
    "symbol": "Sh.So.",
    "symbolNative": "Ssh",
    "minorSingle": "Senti",
    "minorPlural": "Senti",
    "IsoDigits": 2,
    "decimals": 2,
    "numToBasic": 100,
    "isoCode": "SOS"
  },
  {
    "name": "Surinamese Dollar",
    "demonym": "Surinamese",
    "majorSingle": "Dollar",
    "majorPlural": "Dollars",
    "IsoNum": 968,
    "symbol": "Sr$",
    "symbolNative": "$",
    "minorSingle": "Cent",
    "minorPlural": "Cents",
    "IsoDigits": 2,
    "decimals": 2,
    "numToBasic": 100,
    "isoCode": "SRD"
  },
  {
    "name": "South Sudanese Pound",
    "demonym": "South Sudanese",
    "majorSingle": "Pound",
    "majorPlural": "Pounds",
    "IsoNum": 728,
    "symbol": "SS£",
    "symbolNative": "SS£",
    "minorSingle": "Qirsh",
    "minorPlural": "Qirsh",
    "IsoDigits": 2,
    "decimals": 2,
    "numToBasic": 100,
    "isoCode": "SSP"
  },
  {
    "name": "Sao Tome and Príncipe Dobra",
    "demonym": "Sao Tome",
    "majorSingle": "Dobra",
    "majorPlural": "Dobras",
    "IsoNum": 930,
    "symbol": "Db",
    "symbolNative": "Db",
    "minorSingle": "Centimo",
    "minorPlural": "Centimos",
    "IsoDigits": 2,
    "decimals": 2,
    "numToBasic": 100,
    "isoCode": "STN"
  },
  {
    "name": "Salvadoran Colón",
    "demonym": "Salvadoran",
    "majorSingle": "Colón",
    "majorPlural": "Colones",
    "IsoNum": 222,
    "symbol": "₡",
    "symbolNative": "₡",
    "minorSingle": "Centavo",
    "minorPlural": "Centavos",
    "IsoDigits": 2,
    "decimals": 2,
    "numToBasic": 100,
    "isoCode": "SVC"
  },
  {
    "name": "Syrian Pound",
    "demonym": "Syrian",
    "majorSingle": "Pound",
    "majorPlural": "Pounds",
    "IsoNum": 760,
    "symbol": "LS",
    "symbolNative": "ل.س.",
    "minorSingle": "Qirsh",
    "minorPlural": "Qirsh",
    "IsoDigits": 2,
    "decimals": 2,
    "numToBasic": 100,
    "isoCode": "SYP"
  },
  {
    "name": "Swazi Lilangeni",
    "demonym": "Swazi",
    "majorSingle": "Lilangeni",
    "majorPlural": "Emalangeni",
    "IsoNum": 748,
    "symbol": "L",
    "symbolNative": "L",
    "minorSingle": "Cent",
    "minorPlural": "Cents",
    "IsoDigits": 2,
    "decimals": 2,
    "numToBasic": 100,
    "isoCode": "SZL"
  },
  {
    "name": "Thai Baht",
    "demonym": "Thai",
    "majorSingle": "Baht",
    "majorPlural": "Baht",
    "IsoNum": 764,
    "symbol": "฿",
    "symbolNative": "฿",
    "minorSingle": "Satang",
    "minorPlural": "Satang",
    "IsoDigits": 2,
    "decimals": 2,
    "numToBasic": 100,
    "isoCode": "THB"
  },
  {
    "name": "Tajikistani Somoni",
    "demonym": "Tajikistani",
    "majorSingle": "Somoni",
    "majorPlural": "Somoni",
    "IsoNum": 972,
    "symbol": "SM",
    "symbolNative": "SM",
    "minorSingle": "Diram",
    "minorPlural": "Diram",
    "IsoDigits": 2,
    "decimals": 2,
    "numToBasic": 100,
    "isoCode": "TJS"
  },
  {
    "name": "Turkmenistan Manat",
    "demonym": "Turkmenistan",
    "majorSingle": "Manat",
    "majorPlural": "Manat",
    "IsoNum": 934,
    "symbol": "m.",
    "symbolNative": "T",
    "minorSingle": "Tenge",
    "minorPlural": "Tenge",
    "IsoDigits": 2,
    "decimals": 2,
    "numToBasic": 100,
    "isoCode": "TMT"
  },
  {
    "name": "Tunisian Dinar",
    "demonym": "Tunisian",
    "majorSingle": "Dinar",
    "majorPlural": "Dinars",
    "IsoNum": 788,
    "symbol": "DT",
    "symbolNative": "د.ت.",
    "minorSingle": "Millime",
    "minorPlural": "Millime",
    "IsoDigits": 3,
    "decimals": 3,
    "numToBasic": 1000,
    "isoCode": "TND"
  },
  {
    "name": "Tongan Paʻanga",
    "demonym": "Tongan",
    "majorSingle": "Pa'anga",
    "majorPlural": "Pa'anga",
    "IsoNum": 776,
    "symbol": "T$",
    "symbolNative": "PT",
    "minorSingle": "Seniti",
    "minorPlural": "Seniti",
    "IsoDigits": 2,
    "decimals": 2,
    "numToBasic": 100,
    "isoCode": "TOP"
  },
  {
    "name": "Turkish Lira",
    "demonym": "Turkish",
    "majorSingle": "Lira",
    "majorPlural": "Lira",
    "IsoNum": 949,
    "symbol": "TL",
    "symbolNative": "₺",
    "minorSingle": "Kuruş",
    "minorPlural": "Kuruş",
    "IsoDigits": 2,
    "decimals": 2,
    "numToBasic": 100,
    "isoCode": "TRY"
  },
  {
    "name": "Trinidad and Tobago Dollar",
    "demonym": "Trinidad and Tobago",
    "majorSingle": "Dollar",
    "majorPlural": "Dollars",
    "IsoNum": 780,
    "symbol": "TT$",
    "symbolNative": "$",
    "minorSingle": "Cent",
    "minorPlural": "Cents",
    "IsoDigits": 2,
    "decimals": 2,
    "numToBasic": 100,
    "isoCode": "TTD"
  },
  {
    "name": "Tuvaluan Dollar",
    "demonym": "Tuvaluan",
    "majorSingle": "Dollar",
    "majorPlural": "Dollars",
    "IsoNum": null,
    "symbol": "$",
    "symbolNative": "$",
    "minorSingle": "Cent",
    "minorPlural": "Cents",
    "IsoDigits": 2,
    "decimals": 2,
    "numToBasic": 100,
    "isoCode": "TVD"
  },
  {
    "name": "New Taiwan Dollar",
    "demonym": "New Taiwan",
    "majorSingle": "Dollar",
    "majorPlural": "Dollars",
    "IsoNum": 901,
    "symbol": "NT$",
    "symbolNative": "圓",
    "minorSingle": "Cent",
    "minorPlural": "Cents",
    "IsoDigits": 2,
    "decimals": 2,
    "numToBasic": 100,
    "isoCode": "TWD"
  },
  {
    "name": "Tanzanian Shilling",
    "demonym": "Tanzanian",
    "majorSingle": "Shilling",
    "majorPlural": "Shillings",
    "IsoNum": 834,
    "symbol": "TSh",
    "symbolNative": "TSh",
    "minorSingle": "Senti",
    "minorPlural": "Senti",
    "IsoDigits": 2,
    "decimals": 2,
    "numToBasic": 100,
    "isoCode": "TZS"
  },
  {
    "name": "Ukrainian Hryvnia",
    "demonym": "Ukrainian",
    "majorSingle": "Hryvnia",
    "majorPlural": "Hryvnias",
    "IsoNum": 980,
    "symbol": "₴",
    "symbolNative": "грн",
    "minorSingle": "Kopiyka",
    "minorPlural": "kopiyky",
    "IsoDigits": 2,
    "decimals": 2,
    "numToBasic": 100,
    "isoCode": "UAH"
  },
  {
    "name": "Ugandan Shilling",
    "demonym": "Ugandan",
    "majorSingle": "Shilling",
    "majorPlural": "Shillings",
    "IsoNum": 800,
    "symbol": "USh",
    "symbolNative": "Sh",
    "minorSingle": "Cent",
    "minorPlural": "Cents",
    "IsoDigits": 0,
    "decimals": 2,
    "numToBasic": 100,
    "isoCode": "UGX"
  },
  {
    "name": "United States Dollar",
    "demonym": "US",
    "majorSingle": "Dollar",
    "majorPlural": "Dollars",
    "IsoNum": 840,
    "symbol": "$",
    "symbolNative": "$",
    "minorSingle": "Cent",
    "minorPlural": "Cents",
    "IsoDigits": 2,
    "decimals": 2,
    "numToBasic": 100,
    "isoCode": "USD"
  },
  {
    "name": "Uruguayan Peso",
    "demonym": "Uruguayan",
    "majorSingle": "Peso",
    "majorPlural": "Pesos",
    "IsoNum": 858,
    "symbol": "$U",
    "symbolNative": "$",
    "minorSingle": "Centésimo",
    "minorPlural": "Centésimos",
    "IsoDigits": 2,
    "decimals": 2,
    "numToBasic": 100,
    "isoCode": "UYU"
  },
  {
    "name": "Uzbekistani Som",
    "demonym": "Uzbekistani",
    "majorSingle": "Som",
    "majorPlural": "Som",
    "IsoNum": 860,
    "symbol": "сум",
    "symbolNative": "сум",
    "minorSingle": "Tiyin",
    "minorPlural": "Tiyin",
    "IsoDigits": 2,
    "decimals": 2,
    "numToBasic": 100,
    "isoCode": "UZS"
  },
  {
    "name": "Venezuelan bolívar digital",
    "demonym": "Venezuelan",
    "majorSingle": "Bolívar Digital",
    "majorPlural": "Bolívars Digital",
    "IsoNum": null,
    "symbol": "Bs.",
    "symbolNative": "Bs.",
    "minorSingle": "Céntimo",
    "minorPlural": "Céntimos",
    "IsoDigits": 2,
    "decimals": 2,
    "numToBasic": 100,
    "isoCode": "VED"
  },
  {
    "name": "Venezuelan Bolívar Soberano",
    "demonym": "Venezuelan",
    "majorSingle": "Bolívar",
    "majorPlural": "Bolívares",
    "IsoNum": 928,
    "symbol": "Bs.F",
    "symbolNative": "Bs.F",
    "minorSingle": "Centimo",
    "minorPlural": "Centimos",
    "IsoDigits": 2,
    "decimals": 2,
    "numToBasic": 100,
    "isoCode": "VES"
  },
  {
    "name": "Vietnamese Dong",
    "demonym": "Vietnamese",
    "majorSingle": "Dong",
    "majorPlural": "Dong",
    "IsoNum": 704,
    "symbol": "₫",
    "symbolNative": "₫",
    "minorSingle": "Hào",
    "minorPlural": "Hào",
    "IsoDigits": 0,
    "decimals": 2,
    "numToBasic": 10,
    "isoCode": "VND"
  },
  {
    "name": "Vanuatu Vatu",
    "demonym": "Vanuatu",
    "majorSingle": "Vatu",
    "majorPlural": "Vatu",
    "IsoNum": 548,
    "symbol": "VT",
    "symbolNative": "VT",
    "minorSingle": "",
    "minorPlural": "",
    "IsoDigits": 0,
    "decimals": 0,
    "numToBasic": null,
    "isoCode": "VUV"
  },
  {
    "name": "Samoan Tala",
    "demonym": "Samoan",
    "majorSingle": "Tala",
    "majorPlural": "Tala",
    "IsoNum": 882,
    "symbol": "T",
    "symbolNative": "ST",
    "minorSingle": "Sene",
    "minorPlural": "Sene",
    "IsoDigits": 2,
    "decimals": 2,
    "numToBasic": 100,
    "isoCode": "WST"
  },
  {
    "name": "Central African CFA Franc BEAC",
    "demonym": "Central African CFA",
    "majorSingle": "Franc",
    "majorPlural": "Francs",
    "IsoNum": 950,
    "symbol": "Fr",
    "symbolNative": "Fr.",
    "minorSingle": "Centime",
    "minorPlural": "Centimes",
    "IsoDigits": 0,
    "decimals": 2,
    "numToBasic": 100,
    "isoCode": "XAF"
  },
  {
    "name": "East Caribbean Dollar",
    "demonym": "East Caribbean",
    "majorSingle": "Dollar",
    "majorPlural": "Dollars",
    "IsoNum": 951,
    "symbol": "$",
    "symbolNative": "$",
    "minorSingle": "Cent",
    "minorPlural": "Cents",
    "IsoDigits": 2,
    "decimals": 2,
    "numToBasic": 100,
    "isoCode": "XCD"
  },
  {
    "name": "West African CFA Franc BCEAO",
    "demonym": "West African CFA",
    "majorSingle": "Franc",
    "majorPlural": "Francs",
    "IsoNum": 952,
    "symbol": "₣",
    "symbolNative": "₣",
    "minorSingle": "Centime",
    "minorPlural": "Centimes",
    "IsoDigits": 0,
    "decimals": 2,
    "numToBasic": 100,
    "isoCode": "XOF"
  },
  {
    "name": "CFP Franc (Franc Pacifique)",
    "demonym": "CFP",
    "majorSingle": "Franc",
    "majorPlural": "Francs",
    "IsoNum": 953,
    "symbol": "₣",
    "symbolNative": "₣",
    "minorSingle": "Centime",
    "minorPlural": "Centimes",
    "IsoDigits": 0,
    "decimals": 0,
    "numToBasic": 100,
    "isoCode": "XPF"
  },
  {
    "name": "Yemeni Rial",
    "demonym": "Yemeni",
    "majorSingle": "Rial",
    "majorPlural": "Rials",
    "IsoNum": 886,
    "symbol": "YR",
    "symbolNative": "ر.ي.",
    "minorSingle": "Fils",
    "minorPlural": "Fils",
    "IsoDigits": 2,
    "decimals": 2,
    "numToBasic": 100,
    "isoCode": "YER"
  },
  {
    "name": "South African Rand",
    "demonym": "South African",
    "majorSingle": "Rand",
    "majorPlural": "Rand",
    "IsoNum": 710,
    "symbol": "R",
    "symbolNative": "R",
    "minorSingle": "Cent",
    "minorPlural": "Cents",
    "IsoDigits": 2,
    "decimals": 2,
    "numToBasic": 100,
    "isoCode": "ZAR"
  },
  {
    "name": "Zambian Kwacha",
    "demonym": "Zambian",
    "majorSingle": "Kwacha",
    "majorPlural": "Kwacha",
    "IsoNum": 967,
    "symbol": "ZK",
    "symbolNative": "ZK",
    "minorSingle": "Ngwee",
    "minorPlural": "Ngwee",
    "IsoDigits": 2,
    "decimals": 2,
    "numToBasic": 100,
    "isoCode": "ZMW"
  },
  {
    "name": "RTGS Dollar",
    "demonym": "RTGS",
    "majorSingle": "Dollar",
    "majorPlural": "Dollars",
    "IsoNum": null,
    "symbol": "",
    "symbolNative": "",
    "minorSingle": "",
    "minorPlural": "",
    "IsoDigits": 0,
    "decimals": 0,
    "numToBasic": null,
    "isoCode": "ZWB"
  },
  {
    "name": "Zimbabwean Dollar",
    "demonym": "Zimbabwean",
    "majorSingle": "Dollar",
    "majorPlural": "Dollars",
    "IsoNum": 932,
    "symbol": "Z$",
    "symbolNative": "$",
    "minorSingle": "Cent",
    "minorPlural": "Cents",
    "IsoDigits": 2,
    "decimals": 2,
    "numToBasic": 100,
    "isoCode": "ZWL"
  },
  {
    "name": "Abkhazian Apsar",
    "demonym": "Abkhazian",
    "majorSingle": "Apsar",
    "majorPlural": "Apsark",
    "IsoNum": null,
    "symbol": "",
    "symbolNative": "",
    "minorSingle": "",
    "minorPlural": "",
    "IsoDigits": 0,
    "decimals": 0,
    "numToBasic": null,
    "isoCode": "Abkhazia"
  },
  {
    "name": "Artsakh Dram",
    "demonym": "Artsakh",
    "majorSingle": "Dram",
    "majorPlural": "Dram",
    "IsoNum": null,
    "symbol": "դր.",
    "symbolNative": "դր.",
    "minorSingle": "Luma",
    "minorPlural": "Luma",
    "IsoDigits": 2,
    "decimals": 2,
    "numToBasic": 100,
    "isoCode": "Artsakh"
  }
]